{
  "0.7620361442761248": {
    "user_id": 1
  },
  "0.44231525091651513": {
    "user_id": 1
  },
  "0.8921497468671833": {
    "user_id": 1
  },
  "0.9469067995624072": {
    "user_id": 1
  },
  "0.23439549221219802": {
    "user_id": 2
  },
  "0.744410448229061": {
    "user_id": 2
  },
  "0.47370842844971905": {
    "user_id": 1
  },
  "0.2684914003756018": {
    "user_id": 1
  },
  "0.47286632887509183": {
    "user_id": 1
  },
  "0.6667593636362088": {
    "user_id": 1
  },
  "0.3795047476255313": {
    "user_id": 2
  },
  "0.41603453508079946": {
    "user_id": 3
  },
  "0.11255858345630121": {
    "user_id": 1
  },
  "0.9425246727735577": {
    "user_id": 2
  },
  "0.1774270240898861": {
    "user_id": 3
  }
}